genus,species,reference_no,subfamily,Tribe,Genus,Fossil,min_ma,max_ma,Notes
Agroecomyrmex,duisburgi,44414,Agroecomyrmecinae,NA,Agroecomyrmex,Yes,33.9,38,Note
Eulithomyrmex,rugosus,4971,Agroecomyrmecinae,NA,Eulithomyrmex,Yes,33.9,37.2,Note
Eulithomyrmex,striatus,4971,Agroecomyrmecinae,NA,Eulithomyrmex,Yes,33.9,37.2,Note
Ambyloponinae,NA,59088,Ambyloponinae,NA,None,Yes,20.44,23.03,Note
Amblyoponini,NA,53165,Ambyloponinae,Amblyoponini,Amblyoponini,Yes,20.44,23.03,Note
Casaleia,eocenica,43781,Ambyloponinae,NA,Casaleia,Yes,40.4,48.6,Note
Casaleia,inversa,41286,Ambyloponinae,NA,Casaleia,Yes,5.333,15.97,Note
Casaleia,longiventris,37344,Ambyloponinae,NA,Casaleia,Yes,11.608,12.7,Note
Casaleia,orientalis,56094,Ambyloponinae,NA,Casaleia,Yes,33.9,38,Note
Myopopone,sinensis,16579,Ambyloponinae,NA,Myopopone,Yes,11.608,15.97,Note
Stigmatomma,electrina,44602,Ambyloponinae,NA,Stigmatomma,Yes,33.9,38,Note
Stigmatomma,groehni,44602,Ambyloponinae,NA,Stigmatomma,Yes,33.9,38,Note
Aneuretellus,deformis,44404,Aneuretinae,NA,Aneuretellus,Yes,41.3,47.8,Note
Britaneuretus,anglicus,37729,Aneuretinae,NA,Britaneuretus,Yes,33.9,38,Note
Burmomyrma,rossi,39313,Aneuretinae,NA,Burmomyrma,Yes,93.5,99.6,Note
Cananeuretus,occidentalis,36535,Aneuretinae,NA,Cananeuretus,Yes,70.6,83.5,Note
Mianeuretus,NA,44418,Aneuretinae,NA,Mianeuretus,Yes,46.2,50.3,Note
Mianeuretus,eocenicus,44418,Aneuretinae,NA,Mianeuretus,Yes,46.2,50.3,Note
Mianeuretus,mirabilis,4971,Aneuretinae,NA,Mianeuretus,Yes,33.9,37.2,Note
Paraneuretus,dubovikoffi,56094,Aneuretinae,NA,Paraneuretus,Yes,33.9,38,Note
Paraneuretus,longicornis,40999,Aneuretinae,NA,Paraneuretus,Yes,33.9,38,Note
Paraneuretus,tornquisti,40999,Aneuretinae,NA,Paraneuretus,Yes,33.9,38,Note
Pityomyrmex,tornquisti,40999,Aneuretinae,NA,Pityomyrmex,Yes,33.9,38,Note
Protaneuretus,succineus,40999,Aneuretinae,NA,Protaneuretus,Yes,33.9,38,Note
Archaeopone,kzylzharica,37059,Armaniinae,NA,Archaeopone,Yes,89.8,93.9,Note
Archaeopone,taylori,35238,Armaniinae,NA,Archaeopone,Yes,70.6,83.5,Note
Armania,NA,39728,Armaniinae,NA,Armania,Yes,89.8,93.9,Note
Armania,capitata,39728,Armaniinae,NA,Armania,Yes,89.8,93.9,Note
Armania,curiosa,35238,Armaniinae,NA,Armania,Yes,70.6,83.5,Note
Armania,pristina,39728,Armaniinae,NA,Armania,Yes,89.8,93.9,Note
Armania,robusta,35238,Armaniinae,NA,Armania,Yes,70.6,83.5,Stem Ant?
Dolichomyrma,latipes,37059,Armaniinae,NA,Dolichomyrma,Yes,89.8,93.9,Note
Dolichomyrma,longiceps,37059,Armaniinae,NA,Dolichomyrma,Yes,89.8,93.9,Note
Khetania,mandibulata,39728,Armaniinae,NA,Khetania,Yes,89.8,93.9,Note
Orapia,minor,38353,Armaniinae,NA,Orapia,Yes,89.8,93.9,Note
Orapia,rayneri,38353,Armaniinae,NA,Orapia,Yes,89.8,93.9,Note
Poneropterus,sphecoides,35238,Armaniinae,NA,Poneropterus,Yes,70.6,83.5,Note
Pseudarmania,aberrans,35238,Armaniinae,NA,Pseudarmania,Yes,70.6,83.5,Stem Ant?
Pseudarmania,rasnitsyni,35238,Armaniinae,NA,Pseudarmania,Yes,70.6,83.5,Stem Ant?
Brownimecia,clavata,5815,Brownimeciinae,NA,Brownimecia,Yes,89.8,93.9,Note
Alloiomma,changweiensis,16579,Dolichoderinae,NA,Alloiomma,Yes,11.608,15.97,Note
Alloiomma,differentialis,36942,Dolichoderinae,NA,Alloiomma,Yes,11.608,15.97,Note
Asymphylomyrmex,balticus,40999,Dolichoderinae,NA,Asymphylomyrmex,Yes,33.9,38,Note
Azteca,NA,49381,Dolichoderinae,NA,Azteca,Yes,15.97,23.03,Note
Azteca,alpha,5207,Dolichoderinae,NA,Azteca,Yes,13.82,20.44,Note
Azteca,eumeces,5207,Dolichoderinae,NA,Azteca,Yes,13.82,20.44,Note
Chronomyrmex,medicinehatensis,47972,Dolichoderinae,NA,Chronomyrmex,Yes,70.6,83.5,Note
Ctenobethylus,goepperti,38999,Dolichoderinae,NA,Ctenobethylus,Yes,28.4,33.9,Note
Dolichoderinae,NA,34859,Dolichoderinae,NA,None,Yes,5.333,7.246,Note
Dolichoderus,NA,8673,Dolichoderinae,NA,Dolichoderus,Yes,5.333,55.8,Note
Dolichoderus,(Hypoclinea),44557,Dolichoderinae,NA,Dolichoderus,Yes,33.9,38,Note
Dolichoderus,affectus,38999,Dolichoderinae,NA,Dolichoderus,Yes,28.4,33.9,Note
Dolichoderus,antiquus,4971,Dolichoderinae,NA,Dolichoderus,Yes,33.9,37.2,Note
Dolichoderus,balticus,38999,Dolichoderinae,NA,Dolichoderus,Yes,23.03,28.1,Note
Dolichoderus,brevicornis,44557,Dolichoderinae,NA,Dolichoderus,Yes,33.9,38,Note
Dolichoderus,brevipalpis,44558,Dolichoderinae,NA,Dolichoderus,Yes,33.9,38,Note
Dolichoderus,brevipennis,44558,Dolichoderinae,NA,Dolichoderus,Yes,33.9,38,Note
Dolichoderus,bruneti,38999,Dolichoderinae,NA,Dolichoderus,Yes,28.4,33.9,Note
Dolichoderus,caribbaeus,5207,Dolichoderinae,NA,Dolichoderus,Yes,13.82,20.44,Note
Dolichoderus,coquandi,38999,Dolichoderinae,NA,Dolichoderus,Yes,28.4,33.9,Note
Dolichoderus,cornutus,44414,Dolichoderinae,NA,Dolichoderus,Yes,33.9,38,Note
Dolichoderus,dibolius,5207,Dolichoderinae,NA,Dolichoderus,Yes,13.82,20.44,Note
Dolichoderus,dlusskyi,55770,Dolichoderinae,NA,Dolichoderus,Yes,41.3,47.8,Note
Dolichoderus,elegans,40999,Dolichoderinae,NA,Dolichoderus,Yes,33.9,38,Note
Dolichoderus,evolans,16579,Dolichoderinae,NA,Dolichoderus,Yes,11.608,15.97,Note
Dolichoderus,explicans,38738,Dolichoderinae,NA,Dolichoderus,Yes,28.4,33.9,Note
Dolichoderus,granulinotus,44558,Dolichoderinae,NA,Dolichoderus,Yes,33.9,38,Note
Dolichoderus,heeri,51760,Dolichoderinae,NA,Dolichoderus,Yes,11.608,12.7,Note
Dolichoderus,jiaoyanshanensis,16579,Dolichoderinae,NA,Dolichoderus,Yes,11.608,15.97,Note
Dolichoderus,kohlsi,44418,Dolichoderinae,NA,Dolichoderus,Yes,46.2,50.3,Note
Dolichoderus,kutscheri,44558,Dolichoderinae,NA,Dolichoderus,Yes,33.9,38,Note
Dolichoderus,kutschlinicus,44564,Dolichoderinae,NA,Dolichoderus,Yes,33.9,37.2,Note
Dolichoderus,lacinius,16579,Dolichoderinae,NA,Dolichoderus,Yes,11.608,15.97,Note
Dolichoderus,longipennis,44414,Dolichoderinae,NA,Dolichoderus,Yes,33.9,38,Note
Dolichoderus,longipilosus,44557,Dolichoderinae,NA,Dolichoderus,Yes,33.9,38,Note
Dolichoderus,lucidus,44558,Dolichoderinae,NA,Dolichoderus,Yes,33.9,38,Note
Dolichoderus,luridivenosus,36942,Dolichoderinae,NA,Dolichoderus,Yes,11.608,15.97,Note
Dolichoderus,mesosternalis,40999,Dolichoderinae,NA,Dolichoderus,Yes,33.9,38,Note
Dolichoderus,nanus,44557,Dolichoderinae,NA,Dolichoderus,Yes,33.9,38,Note
Dolichoderus,obliteratus,39765,Dolichoderinae,NA,Dolichoderus,Yes,23.03,33.9,Note
Dolichoderus,oviformis,38999,Dolichoderinae,NA,Dolichoderus,Yes,33.9,37.2,Note
Dolichoderus,passalomma,40999,Dolichoderinae,NA,Dolichoderus,Yes,33.9,38,Note
Dolichoderus,perkovskyi,44558,Dolichoderinae,NA,Dolichoderus,Yes,33.9,38,Note
Dolichoderus,pilipes,44558,Dolichoderinae,NA,Dolichoderus,Yes,33.9,38,Note
Dolichoderus,pinguis,56094,Dolichoderinae,NA,Dolichoderus,Yes,33.9,38,Note
Dolichoderus,polessus,44557,Dolichoderinae,NA,Dolichoderus,Yes,33.9,38,Note
Dolichoderus,polonicus,44557,Dolichoderinae,NA,Dolichoderus,Yes,33.9,38,Note
Dolichoderus,primitivus,5207,Dolichoderinae,NA,Dolichoderus,Yes,13.82,20.44,Note
Dolichoderus,prolaminatus,5207,Dolichoderinae,NA,Dolichoderus,Yes,13.82,20.44,Note
Dolichoderus,punctatus,44558,Dolichoderinae,NA,Dolichoderus,Yes,33.9,38,Note
Dolichoderus,robustus,44557,Dolichoderinae,NA,Dolichoderus,Yes,33.9,38,Note
Dolichoderus,rohweri,4971,Dolichoderinae,NA,Dolichoderus,Yes,33.9,37.2,Note
Dolichoderus,sculpturatus,44414,Dolichoderinae,NA,Dolichoderus,Yes,33.9,38,Note
Dolichoderus,tauricus,41286,Dolichoderinae,NA,Dolichoderus,Yes,13.82,15.97,Note
Dolichoderus,tertiarius,44414,Dolichoderinae,NA,Dolichoderus,Yes,33.9,38,Note
Dolichoderus,transversipetiolaris,36942,Dolichoderinae,NA,Dolichoderus,Yes,11.608,15.97,Note
Dolichoderus,vectensis,5061,Dolichoderinae,NA,Dolichoderus,Yes,33.9,38,Note
Dolichoderus,vexillarius,40999,Dolichoderinae,NA,Dolichoderus,Yes,33.9,38,Note
Dolichoderus,vlaskini,44558,Dolichoderinae,NA,Dolichoderus,Yes,33.9,38,Note
Dolichoderus,zherichini,44578,Dolichoderinae,NA,Dolichoderus,Yes,33.9,38,Note
Elaeomyrmex,coloradensis,4971,Dolichoderinae,NA,Elaeomyrmex,Yes,33.9,37.2,Note
Elaeomyrmex,gracilis,4971,Dolichoderinae,NA,Elaeomyrmex,Yes,33.9,37.2,Note
Elaphrodites,mutatus,16579,Dolichoderinae,NA,Elaphrodites,Yes,11.608,15.97,Note
Elaphrodites,scutulatus,16579,Dolichoderinae,NA,Elaphrodites,Yes,11.608,15.97,Note
Eldermyrmex,oblongiceps,40999,Dolichoderinae,NA,Eldermyrmex,Yes,33.9,38,Note
Electromyrmex,klebsi,40999,Dolichoderinae,NA,Electromyrmex,Yes,33.9,38,Note
Emplastus,antiquus,37730,Dolichoderinae,NA,Emplastus,Yes,11.608,12.7,Note
Emplastus,biamoensis,56094,Dolichoderinae,NA,Emplastus,Yes,33.9,38,Note
Emplastus,britannicus,37729,Dolichoderinae,NA,Emplastus,Yes,33.9,38,Note
Emplastus,dubius,51760,Dolichoderinae,NA,Emplastus,Yes,11.608,12.7,Note
Emplastus,elongatus,56094,Dolichoderinae,NA,Emplastus,Yes,33.9,38,Note
Emplastus,gurnetensis,5061,Dolichoderinae,NA,Emplastus,Yes,33.9,38,Note
Emplastus,haueri,37730,Dolichoderinae,NA,Emplastus,Yes,11.608,12.7,Note
Emplastus,hypolithus,37729,Dolichoderinae,NA,Emplastus,Yes,33.9,38,Note
Emplastus,kozlovi,51861,Dolichoderinae,NA,Emplastus,Yes,33.9,38,Note
Emplastus,macrops,56094,Dolichoderinae,NA,Emplastus,Yes,33.9,38,Note
Emplastus,miocenicus,51760,Dolichoderinae,NA,Emplastus,Yes,11.608,12.7,Note
Emplastus,ocellus,37344,Dolichoderinae,NA,Emplastus,Yes,11.608,12.7,Note
Eotapinoma,compacta,44404,Dolichoderinae,NA,Eotapinoma,Yes,41.3,47.8,Note
Eotapinoma,gracilis,44404,Dolichoderinae,NA,Eotapinoma,Yes,41.3,47.8,Note
Eotapinoma,macalpini,38952,Dolichoderinae,NA,Eotapinoma,Yes,70.6,83.5,Note
Eurymyrmex,geologicus,36942,Dolichoderinae,NA,Eurymyrmex,Yes,11.608,15.97,Note
Forelius,NA,49381,Dolichoderinae,NA,Forelius,Yes,15.97,23.03,Note
Gracilidris,humiloides,5207,Dolichoderinae,NA,Gracilidris,Yes,13.82,20.44,Note
Iridomyrmex,NA,38990,Dolichoderinae,NA,Iridomyrmex,Yes,38,41.3,Note
Iridomyrmex,shandongicus,16579,Dolichoderinae,NA,Iridomyrmex,Yes,11.608,15.97,Note
Kotshkorkia,laticeps,41286,Dolichoderinae,NA,Kotshkorkia,Yes,5.333,15.97,Note
Ktunaxia,jucunda,55770,Dolichoderinae,NA,Ktunaxia,Yes,41.3,47.8,Note
Leptomyrmex,neotropicus,5207,Dolichoderinae,NA,Leptomyrmex,Yes,13.82,20.44,Note
Leptomyrmula,maravignae,44518,Dolichoderinae,NA,Leptomyrmula,Yes,5.333,11.608,Note
Linepithema,NA,55004,Dolichoderinae,NA,Linepithema,Yes,13.82,20.44,Note
Liometopum,NA,38709,Dolichoderinae,NA,Liometopum,Yes,11.608,12.7,Note
Liometopum,bogdassarovi,56276,Dolichoderinae,NA,Liometopum,Yes,33.9,38,Note
Liometopum,eremicum,16579,Dolichoderinae,NA,Liometopum,Yes,11.608,15.97,Note
Liometopum,imhoffii,37344,Dolichoderinae,NA,Liometopum,Yes,11.608,12.7,Note
Liometopum,incognitum,56094,Dolichoderinae,NA,Liometopum,Yes,33.9,38,Note
Liometopum,lubricum,36942,Dolichoderinae,NA,Liometopum,Yes,11.608,15.97,Note
Liometopum,miocenicum,4971,Dolichoderinae,NA,Liometopum,Yes,33.9,37.2,Note
Liometopum,oligocenicum,40999,Dolichoderinae,NA,Liometopum,Yes,33.9,38,Note
Liometopum,potamophilum,16579,Dolichoderinae,NA,Liometopum,Yes,11.608,15.97,Note
Liometopum,scudderi,4971,Dolichoderinae,NA,Liometopum,Yes,33.9,37.2,Note
Miomyrmex,impactus,4971,Dolichoderinae,NA,Miomyrmex,Yes,33.9,37.2,Note
Miomyrmex,striatus,4971,Dolichoderinae,NA,Miomyrmex,Yes,33.9,37.2,Note
Petraeomyrmex,minimus,4971,Dolichoderinae,NA,Petraeomyrmex,Yes,33.9,37.2,Note
Proiridomyrmex,rotundatus,55770,Dolichoderinae,NA,Proiridomyrmex,Yes,41.3,47.8,Note
Proiridomyrmex,vetulus,44418,Dolichoderinae,NA,Proiridomyrmex,Yes,46.2,50.3,Note
Protazteca,capitata,4971,Dolichoderinae,NA,Protazteca,Yes,33.9,37.2,Note
Protazteca,elongata,4971,Dolichoderinae,NA,Protazteca,Yes,33.9,37.2,Note
Protazteca,eocenica,55770,Dolichoderinae,NA,Protazteca,Yes,41.3,47.8,Note
Protazteca,hendersoni,5014,Dolichoderinae,NA,Protazteca,Yes,33.9,37.2,Note
Protazteca,quadrata,4971,Dolichoderinae,NA,Protazteca,Yes,33.9,37.2,Note
Tapinoma,NA,39584,Dolichoderinae,NA,Tapinoma,Yes,5.333,11.608,Note
Tapinoma,aberrans,44578,Dolichoderinae,NA,Tapinoma,Yes,33.9,38,Note
Tapinoma,baculum,16579,Dolichoderinae,NA,Tapinoma,Yes,11.608,15.97,Note
Tapinoma,electrinum,44578,Dolichoderinae,NA,Tapinoma,Yes,33.9,38,Note
Tapinoma,minutissimum,44518,Dolichoderinae,NA,Tapinoma,Yes,5.333,11.608,Note
Tapinoma,troche,5207,Dolichoderinae,NA,Tapinoma,Yes,13.82,20.44,Note
Technomyrmex,caritatis,44634,Dolichoderinae,NA,Technomyrmex,Yes,13.82,20.44,Note
Technomyrmex,deletus,44518,Dolichoderinae,NA,Technomyrmex,Yes,5.333,11.608,Note
Technomyrmex,hispaniolae,5207,Dolichoderinae,NA,Technomyrmex,Yes,13.82,20.44,Note
Technomyrmex,septentrionalis,16579,Dolichoderinae,NA,Technomyrmex,Yes,11.608,15.97,Note
Usomyrma,mirabilis,53816,Dolichoderinae,NA,Usomyrma,Yes,33.9,38,Note
Yantaromyrmex,constrictus,44414,Dolichoderinae,NA,Yantaromyrmex,Yes,33.9,38,Note
Yantaromyrmex,geinitzi,38999,Dolichoderinae,NA,Yantaromyrmex,Yes,28.4,33.9,Note
Yantaromyrmex,intermedius,50040,Dolichoderinae,NA,Yantaromyrmex,Yes,33.9,38,Note
Yantaromyrmex,mayrianum,50040,Dolichoderinae,NA,Yantaromyrmex,Yes,33.9,38,Note
Yantaromyrmex,samlandicus,40999,Dolichoderinae,NA,Yantaromyrmex,Yes,33.9,38,Note
Zherichinius,horribilis,44404,Dolichoderinae,NA,Zherichinius,Yes,41.3,47.8,Note
Zherichinius,rapax,44404,Dolichoderinae,NA,Zherichinius,Yes,41.3,47.8,Note
Acanthostichus,hispaniolicus,44410,Dorylinae,NA,Acanthostichus,Yes,13.82,20.44,Note
Cylindromyrmex,antillanus,44524,Dorylinae,NA,Cylindromyrmex,Yes,13.82,20.44,Note
Cylindromyrmex,electrinus,44524,Dorylinae,NA,Cylindromyrmex,Yes,13.82,20.44,Note
Cylindromyrmex,inopinatus,44525,Dorylinae,NA,Cylindromyrmex,Yes,13.82,20.44,Note
Dorylinae,NA,50423,Dorylinae,NA,None,Yes,1.8,4.9,Note
Lioponera,NA,38999,Dorylinae,NA,Lioponera,Yes,28.4,33.9,Note
Neivamyrmex,NA,52386,Dorylinae,NA,Neivamyrmex,Yes,15.97,23.03,Note
Neivamyrmex,ectopus,5206,Dorylinae,NA,Neivamyrmex,Yes,13.82,20.44,Note
Procerapachys,annosus,40999,Dorylinae,NA,Procerapachys,Yes,33.9,38,Note
Procerapachys,favosus,40999,Dorylinae,NA,Procerapachys,Yes,33.9,38,Note
Procerapachys,sulcatus,44602,Dorylinae,NA,Procerapachys,Yes,33.9,38,Note
Canapone,dentata,38952,Ectatomminae,NA,Canapone,Yes,70.6,83.5,Note
Ectatomma,gracile,44518,Ectatomminae,NA,Ectatomma,Yes,5.333,11.608,Note
Gnamptogenys,brunoi,44600,Ectatomminae,NA,Gnamptogenys,Yes,13.82,20.44,Note
Gnamptogenys,casca,44600,Ectatomminae,NA,Gnamptogenys,Yes,13.82,20.44,Note
Gnamptogenys,europaea,44414,Ectatomminae,NA,Gnamptogenys,Yes,33.9,38,Note
Gnamptogenys,levinates,44601,Ectatomminae,NA,Gnamptogenys,Yes,13.82,20.44,Note
Gnamptogenys,pristina,44601,Ectatomminae,NA,Gnamptogenys,Yes,13.82,20.44,Note
Gnamptogenys,rohdendorfi,44602,Ectatomminae,NA,Gnamptogenys,Yes,33.9,38,Note
Pseudectatomma,eocenica,43781,Ectatomminae,NA,Pseudectatomma,Yes,40.4,48.6,Note
Pseudectatomma,striatula,43781,Ectatomminae,NA,Pseudectatomma,Yes,40.4,48.6,Note
Rhytidoponera,gibsoni,59088,Ectatomminae,NA,Rhytidoponera,Yes,20.44,23.03,Note
Rhytidoponera,kirghizorum,41286,Ectatomminae,NA,Rhytidoponera,Yes,5.333,15.97,Note
Rhytidoponera,waipiata,59088,Ectatomminae,NA,Rhytidoponera,Yes,20.44,23.03,Note
Titanomyrma,gigantea,44589,Fomiciinae,NA,Titanomyrma,Yes,40.4,48.6,Note
Titanomyrma,lubei,35980,Fomiciinae,NA,Titanomyrma,Yes,48.6,55.8,Note
Titanomyrma,simillima,44589,Fomiciinae,NA,Titanomyrma,Yes,40.4,48.6,Note
Acropyga,NA,40600,Formicinae,NA,Acropyga,Yes,13.82,20.44,Note
Acropyga,glaesaria,40302,Formicinae,NA,Acropyga,Yes,13.82,20.44,Note
Camponotini,NA,51248,Formicinae,Camponotini,None,Yes,2.588,3.6,Note
Camponotites,NA,41286,Formicinae,NA,Camponotites,Yes,11.608,15.97,Note
Camponotites,kraussei,40968,Formicinae,NA,Camponotites,Yes,47.8,56,Note
Camponotites,macropterus,41286,Formicinae,NA,Camponotites,Yes,11.608,15.97,Note
Camponotites,silvestris,51248,Formicinae,NA,Camponotites,Yes,2.588,3.6,Note
Camponotites,steinbachi,36140,Formicinae,NA,Camponotites,Yes,2.588,3.6,Note
Camponotites,xiejiaheensis,16579,Formicinae,NA,Camponotites,Yes,11.608,15.97,Note
Camponotus,NA,35523,Formicinae,NA,Camponotus,Yes,15.97,20.43,Note
Camponotus,ambon,16579,Formicinae,NA,Camponotus,Yes,11.608,15.97,Note
Camponotus,ampullosus,16579,Formicinae,NA,Camponotus,Yes,11.608,15.97,Note
Camponotus,cockerelli,5061,Formicinae,NA,Camponotus,Yes,33.9,38,Note
Camponotus,compactus,38738,Formicinae,NA,Camponotus,Yes,28.4,33.9,Note
Camponotus,crozei,51140,Formicinae,NA,Camponotus,Yes,5.333,8.7,Note
Camponotus,curviansatus,16579,Formicinae,NA,Camponotus,Yes,11.608,15.97,Note
Camponotus,festinatus,44458,Formicinae,NA,Camponotus,Yes,15.97,20.43,Note
Camponotus,festinus,16579,Formicinae,NA,Camponotus,Yes,11.608,15.97,Note
Camponotus,fuscipennis,4971,Formicinae,NA,Camponotus,Yes,33.9,37.2,Note
Camponotus,gracilis,16579,Formicinae,NA,Camponotus,Yes,11.608,15.97,Note
Camponotus,heracleus,37344,Formicinae,NA,Camponotus,Yes,11.608,12.7,Note
Camponotus,herculeanus,52251,Formicinae,NA,Camponotus,Yes,1.806,2.588,Note
Camponotus,induratus,37344,Formicinae,NA,Camponotus,Yes,11.608,12.7,Note
Camponotus,lignitus,37344,Formicinae,NA,Camponotus,Yes,11.608,12.7,Note
Camponotus,longiventris,38999,Formicinae,NA,Camponotus,Yes,23.03,28.1,Note
Camponotus,longus,16579,Formicinae,NA,Camponotus,Yes,11.608,15.97,Note
Camponotus,luteus,16579,Formicinae,NA,Camponotus,Yes,11.608,15.97,Note
Camponotus,mengei,38999,Formicinae,NA,Camponotus,Yes,28.4,33.9,Note
Camponotus,microcephalus,4971,Formicinae,NA,Camponotus,Yes,33.9,37.2,Note
Camponotus,microthoracus,16579,Formicinae,NA,Camponotus,Yes,11.608,15.97,Note
Camponotus,mitis,16579,Formicinae,NA,Camponotus,Yes,11.608,15.97,Note
Camponotus,novotnyi,44459,Formicinae,NA,Camponotus,Yes,28.1,33.9,Note
Camponotus,obesus,44462,Formicinae,NA,Camponotus,Yes,7.246,11.62,Note
Camponotus,oeningensis,37344,Formicinae,NA,Camponotus,Yes,11.608,12.7,Note
Camponotus,palaeopterus,16579,Formicinae,NA,Camponotus,Yes,11.608,15.97,Note
Camponotus,penninervis,38999,Formicinae,NA,Camponotus,Yes,23.03,28.1,Note
Camponotus,petrifactus,4971,Formicinae,NA,Camponotus,Yes,33.9,37.2,Note
Camponotus,pictus,36942,Formicinae,NA,Camponotus,Yes,11.608,15.97,Note
Camponotus,pinguiculus,37344,Formicinae,NA,Camponotus,Yes,11.608,12.7,Note
Camponotus,plenus,16579,Formicinae,NA,Camponotus,Yes,11.608,15.97,Note
Camponotus,shanwangensis,16579,Formicinae,NA,Camponotus,Yes,11.608,15.97,Note
Camponotus,theobaldi,38999,Formicinae,NA,Camponotus,Yes,23.03,28.1,Note
Camponotus,tokunagai,52927,Formicinae,NA,Camponotus,Yes,48.6,55.8,Note
Camponotus,ullrichi,44435,Formicinae,NA,Camponotus,Yes,5.333,7.246,Note
Camponotus,vehemens,38738,Formicinae,NA,Camponotus,Yes,28.4,33.9,Note
Camponotus,vetus,5133,Formicinae,NA,Camponotus,Yes,46.2,50.3,Note
Cataglyphoides,constrictus,44414,Formicinae,NA,Cataglyphoides,Yes,33.9,38,Note
Cataglyphoides,intermedius,44522,Formicinae,NA,Cataglyphoides,Yes,33.9,38,Note
Chimaeromyrma,brachycephala,44404,Formicinae,NA,Chimaeromyrma,Yes,41.3,47.8,Note
Conoformica,bitterfeldiana,44522,Formicinae,NA,Conoformica,Yes,33.9,38,Note
Curtipalpulus,eocenicus,40725,Formicinae,NA,Curtipalpulus,Yes,48.6,55.8,Note
Drymomyrmex,claripennis,40999,Formicinae,NA,Drymomyrmex,Yes,33.9,38,Note
Drymomyrmex,fuscipennis,38999,Formicinae,NA,Drymomyrmex,Yes,28.4,33.9,Note
Eoleptocerites,chinensis,40725,Formicinae,NA,Eoleptocerites,Yes,48.6,55.8,Note
Eoleptocerites,fushunensis,40725,Formicinae,NA,Eoleptocerites,Yes,48.6,55.8,Note
Eurytarsites,fushunensis,40725,Formicinae,NA,Eurytarsites,Yes,48.6,55.8,Note
Formica,NA,38999,Formicinae,NA,Formica,Yes,33.9,37.2,Note
Formica,alsatica,38999,Formicinae,NA,Formica,Yes,28.4,33.9,Note
Formica,annosa,55770,Formicinae,NA,Formica,Yes,41.3,47.8,Note
Formica,arcana,39765,Formicinae,NA,Formica,Yes,23.03,33.9,Note
Formica,auxillacensis,44462,Formicinae,NA,Formica,Yes,5.333,7.246,Note
Formica,bauckhorni,44433,Formicinae,NA,Formica,Yes,23.03,28.4,Note
Formica,biamoensis,56094,Formicinae,NA,Formica,Yes,33.9,38,Note
Formica,buphthalma,44517,Formicinae,NA,Formica,Yes,15.97,16.9,Note
Formica,cantalica,44462,Formicinae,NA,Formica,Yes,7.246,11.62,Note
Formica,ceps,16579,Formicinae,NA,Formica,Yes,11.608,15.97,Note
Formica,cockerelli,4971,Formicinae,NA,Formica,Yes,33.9,37.2,Note
Formica,demersa,37344,Formicinae,NA,Formica,Yes,11.608,12.7,Note
Formica,eoptera,42241,Formicinae,NA,Formica,Yes,33.9,37.2,Note
Formica,flavifemoralis,36942,Formicinae,NA,Formica,Yes,11.608,15.97,Note
Formica,flori,38999,Formicinae,NA,Formica,Yes,28.4,33.9,Note
Formica,fusca,16579,Formicinae,NA,Formica,Yes,11.608,15.97,Note
Formica,gibbosa,44584,Formicinae,NA,Formica,Yes,33.9,38,Note
Formica,globiventris,37344,Formicinae,NA,Formica,Yes,11.608,12.7,Note
Formica,grandis,4971,Formicinae,NA,Formica,Yes,33.9,37.2,Note
Formica,gravida,37344,Formicinae,NA,Formica,Yes,11.608,12.7,Note
Formica,gustawi,44522,Formicinae,NA,Formica,Yes,33.9,38,Note
Formica,heteroptera,41450,Formicinae,NA,Formica,Yes,41.3,47.8,Note
Formica,horrida,40999,Formicinae,NA,Formica,Yes,33.9,38,Note
Formica,immersa,37344,Formicinae,NA,Formica,Yes,11.608,12.7,Note
Formica,kutscheri,44522,Formicinae,NA,Formica,Yes,33.9,38,Note
Formica,latinodosa,38999,Formicinae,NA,Formica,Yes,23.03,28.1,Note
Formica,lavateri,37344,Formicinae,NA,Formica,Yes,11.608,12.7,Note
Formica,linquensis,16579,Formicinae,NA,Formica,Yes,11.608,15.97,Note
Formica,longicollis,37344,Formicinae,NA,Formica,Yes,11.608,12.7,Note
Formica,lucida,47505,Formicinae,NA,Formica,Yes,33.9,38,Note
Formica,luteola,44584,Formicinae,NA,Formica,Yes,33.9,38,Note
Formica,macrocephala,37344,Formicinae,NA,Formica,Yes,11.608,12.7,Note
Formica,macrognatha,44584,Formicinae,NA,Formica,Yes,33.9,38,Note
Formica,macrophthalma,37344,Formicinae,NA,Formica,Yes,11.608,12.7,Note
Formica,maculipennis,44462,Formicinae,NA,Formica,Yes,5.333,7.246,Note
Formica,martynovi,44457,Formicinae,NA,Formica,Yes,11.608,12.7,Note
Formica,neorufibarbis,55325,Formicinae,NA,Formica,Yes,0.0117,0.126,Note
Formica,nigra,44584,Formicinae,NA,Formica,Yes,33.9,38,Note
Formica,obscura,37344,Formicinae,NA,Formica,Yes,11.608,12.7,Note
Formica,orbata,37344,Formicinae,NA,Formica,Yes,11.608,12.7,Note
Formica,ovala,16579,Formicinae,NA,Formica,Yes,11.608,15.97,Note
Formica,palaeopolonica,44522,Formicinae,NA,Formica,Yes,33.9,38,Note
Formica,paleosibirica,56094,Formicinae,NA,Formica,Yes,33.9,38,Note
Formica,parexsecta,51760,Formicinae,NA,Formica,Yes,11.608,12.7,Note
Formica,parvula,44584,Formicinae,NA,Formica,Yes,33.9,38,Note
Formica,phaethusa,40999,Formicinae,NA,Formica,Yes,33.9,38,Note
Formica,pitoni,44462,Formicinae,NA,Formica,Yes,2.588,3.6,Note
Formica,primitiva,37344,Formicinae,NA,Formica,Yes,11.608,12.7,Note
Formica,primordialis,37344,Formicinae,NA,Formica,Yes,11.608,12.7,Note
Formica,procera,37344,Formicinae,NA,Formica,Yes,11.608,12.7,Note
Formica,pulchella,37344,Formicinae,NA,Formica,Yes,11.608,12.7,Note
Formica,quadrata,44586,Formicinae,NA,Formica,Yes,33.9,38,Note
Formica,radchenkoi,44522,Formicinae,NA,Formica,Yes,33.9,38,Note
Formica,robusta,4971,Formicinae,NA,Formica,Yes,33.9,37.2,Note
Formica,sepulta,38999,Formicinae,NA,Formica,Yes,28.4,33.9,Note
Formica,serresi,38999,Formicinae,NA,Formica,Yes,23.03,28.1,Note
Formica,seuberti,37344,Formicinae,NA,Formica,Yes,11.608,12.7,Note
Formica,strangulata,40999,Formicinae,NA,Formica,Yes,33.9,38,Note
Formica,surinamensis,44587,Formicinae,NA,Formica,Yes,33.9,38,Note
Formica,trigona,44584,Formicinae,NA,Formica,Yes,33.9,38,Note
Formica,tripartita,38999,Formicinae,NA,Formica,Yes,28.4,33.9,Note
Formica,ungeri,37344,Formicinae,NA,Formica,Yes,11.608,12.7,Note
Formica,zherikhini,44522,Formicinae,NA,Formica,Yes,33.9,38,Note
Formicinae,NA,44418,Formicinae,NA,None,Yes,46.2,50.3,Note
Fushuniformica,spinata,40725,Formicinae,NA,Fushuniformica,Yes,48.6,55.8,Note
Gesomyrmex,bremii,37344,Formicinae,NA,Gesomyrmex,Yes,11.608,12.7,Note
Gesomyrmex,breviceps,44599,Formicinae,NA,Gesomyrmex,Yes,40.4,48.6,Note
Gesomyrmex,curiosus,44599,Formicinae,NA,Gesomyrmex,Yes,40.4,48.6,Note
Gesomyrmex,flavescens,44599,Formicinae,NA,Gesomyrmex,Yes,40.4,48.6,Note
Gesomyrmex,germanicus,44599,Formicinae,NA,Gesomyrmex,Yes,40.4,48.6,Note
Gesomyrmex,hoernesi,40999,Formicinae,NA,Gesomyrmex,Yes,33.9,38,Note
Gesomyrmex,incertus,56094,Formicinae,NA,Gesomyrmex,Yes,33.9,38,Note
Gesomyrmex,macrops,56094,Formicinae,NA,Gesomyrmex,Yes,33.9,38,Note
Gesomyrmex,magnus,56094,Formicinae,NA,Gesomyrmex,Yes,33.9,38,Note
Gesomyrmex,pulcher,44599,Formicinae,NA,Gesomyrmex,Yes,40.4,48.6,Note
Glaphyromyrmex,oligocenicus,38999,Formicinae,NA,Glaphyromyrmex,Yes,28.4,33.9,Note
Heeridris,croaticus,51760,Formicinae,NA,Heeridris,Yes,11.608,12.7,Note
Huaxiaformica,mallepetiolata,40725,Formicinae,NA,Huaxiaformica,Yes,48.6,55.8,Note
Imhoffia,nigra,37344,Formicinae,NA,Imhoffia,Yes,11.608,12.7,Note
Imhoffia,pallida,38709,Formicinae,NA,Imhoffia,Yes,11.608,12.7,Note
Kyromyrma,neffi,36269,Formicinae,NA,Kyromyrma,Yes,89.8,93.9,Note
Lasius,NA,39931,Formicinae,NA,Lasius,Yes,20.44,23.03,Note
Lasius,anthracinus,51760,Formicinae,NA,Lasius,Yes,11.608,12.7,Note
Lasius,chambonensis,44462,Formicinae,NA,Lasius,Yes,2.588,3.6,Note
Lasius,crispus,44462,Formicinae,NA,Lasius,Yes,7.246,11.62,Note
Lasius,epicentrus,38999,Formicinae,NA,Lasius,Yes,23.03,28.1,Note
Lasius,globularis,38709,Formicinae,NA,Lasius,Yes,23.03,28.1,Note
Lasius,glom,55770,Formicinae,NA,Lasius,Yes,41.3,47.8,Note
Lasius,inflatus,16579,Formicinae,NA,Lasius,Yes,11.608,15.97,Note
Lasius,longaevus,51392,Formicinae,NA,Lasius,Yes,11.608,12.7,Note
Lasius,longipennis,37344,Formicinae,NA,Lasius,Yes,11.608,12.7,Note
Lasius,mordicus,16579,Formicinae,NA,Lasius,Yes,11.608,15.97,Note
Lasius,nemorivagus,40999,Formicinae,NA,Lasius,Yes,33.9,38,Note
Lasius,oblongus,37742,Formicinae,NA,Lasius,Yes,5.333,11.608,Note
Lasius,occultatus,37344,Formicinae,NA,Lasius,Yes,12.7,13.65,Note
Lasius,ophthalmicus,51392,Formicinae,NA,Lasius,Yes,11.608,12.7,Note
Lasius,peritulus,4971,Formicinae,NA,Lasius,Yes,33.9,37.2,Note
Lasius,pumilus,44414,Formicinae,NA,Lasius,Yes,33.9,38,Note
Lasius,punctulatus,44414,Formicinae,NA,Lasius,Yes,33.9,38,Note
Lasius,schiefferdeckeri,44414,Formicinae,NA,Lasius,Yes,33.9,38,Note
Lasius,tertiarius,44614,Formicinae,NA,Lasius,Yes,11.608,12.7,Note
Lasius,truncatus,16579,Formicinae,NA,Lasius,Yes,11.608,15.97,Note
Lasius,validus,16579,Formicinae,NA,Lasius,Yes,11.608,15.97,Note
Lasius,vetulus,16579,Formicinae,NA,Lasius,Yes,11.608,15.97,Note
Leptogasteritus,capricornutes,40725,Formicinae,NA,Leptogasteritus,Yes,48.6,55.8,Note
Leucotaphus,donisthorpei,51861,Formicinae,NA,Leucotaphus,Yes,33.9,38,Note
Leucotaphus,gurnetensis,37729,Formicinae,NA,Leucotaphus,Yes,33.9,38,Note
Liaoformica,longipetiolata,40725,Formicinae,NA,Liaoformica,Yes,48.6,55.8,Note
Longiformica,dongzhouheensis,40725,Formicinae,NA,Longiformica,Yes,48.6,55.8,Note
Longiformica,guchengziensis,40725,Formicinae,NA,Longiformica,Yes,48.6,55.8,Note
Magnogasterites,curticornutus,40725,Formicinae,NA,Magnogasterites,Yes,48.6,55.8,Note
Myrmecorhynchus,novaeseelandiae,59088,Formicinae,NA,Myrmecorhynchus,Yes,20.44,23.03,Note
Nylanderia,pygmaea,44414,Formicinae,NA,Nylanderia,Yes,33.9,38,Note
Nylanderia,vetula,44618,Formicinae,NA,Nylanderia,Yes,13.82,20.44,Note
Oecophylla,atavina,37729,Formicinae,NA,Oecophylla,Yes,33.9,38,Note
Oecophylla,bartoniana,41450,Formicinae,NA,Oecophylla,Yes,41.3,47.8,Note
Oecophylla,brischkei,44414,Formicinae,NA,Oecophylla,Yes,33.9,38,Note
Oecophylla,crassinoda,40999,Formicinae,NA,Oecophylla,Yes,33.9,38,Note
Oecophylla,eckfeldiana,37721,Formicinae,NA,Oecophylla,Yes,40.4,48.6,Note
Oecophylla,grandimandibula,51140,Formicinae,NA,Oecophylla,Yes,5.333,8.7,Note
Oecophylla,leakeyi,44619,Formicinae,NA,Oecophylla,Yes,15.97,20.44,Note
Oecophylla,longiceps,37721,Formicinae,NA,Oecophylla,Yes,40.4,48.6,Note
Oecophylla,megarche,37729,Formicinae,NA,Oecophylla,Yes,33.9,38,Note
Oecophylla,obesa,37344,Formicinae,NA,Oecophylla,Yes,11.608,12.7,Note
Oecophylla,praeclara,38738,Formicinae,NA,Oecophylla,Yes,28.4,33.9,Note
Oecophylla,sicula,44518,Formicinae,NA,Oecophylla,Yes,5.333,11.608,Note
Oecophylla,superba,38999,Formicinae,NA,Oecophylla,Yes,28.4,33.9,Note
Orbicapitia,reticulata,40725,Formicinae,NA,Orbicapitia,Yes,48.6,55.8,Note
Ovalicapito,fushunensis,40725,Formicinae,NA,Ovalicapito,Yes,48.6,55.8,Note
Ovaligastrula,xilutianensis,40725,Formicinae,NA,Ovaligastrula,Yes,48.6,55.8,Note
Plagiolepis,klinsmanni,44414,Formicinae,NA,Plagiolepis,Yes,33.9,38,Note
Plagiolepis,kuenowi,44414,Formicinae,NA,Plagiolepis,Yes,33.9,38,Note
Plagiolepis,labilis,44518,Formicinae,NA,Plagiolepis,Yes,5.333,11.608,Note
Plagiolepis,minutissima,44578,Formicinae,NA,Plagiolepis,Yes,33.9,38,Note
Plagiolepis,paradoxa,44621,Formicinae,NA,Plagiolepis,Yes,33.9,38,Note
Plagiolepis,singularis,44414,Formicinae,NA,Plagiolepis,Yes,33.9,38,Note
Plagiolepis,solitaria,44414,Formicinae,NA,Plagiolepis,Yes,33.9,38,Note
Plagiolepis,squamifera,44414,Formicinae,NA,Plagiolepis,Yes,33.9,38,Note
Plagiolepis,wheeleri,44621,Formicinae,NA,Plagiolepis,Yes,33.9,38,Note
Polyrhachis,annosus,42983,Formicinae,NA,Polyrhachis,Yes,5.333,7.246,Note
Prenolepis,henschei,39242,Formicinae,NA,Prenolepis,Yes,33.9,38,Note
Prodimorphomyrmex,primigenius,40999,Formicinae,NA,Prodimorphomyrmex,Yes,33.9,38,Note
Protoformica,proformicoides,11234,Formicinae,NA,Protoformica,Yes,33.9,38,Note
Protomyrmica,atavia,44624,Formicinae,NA,Protomyrmica,Yes,33.9,38,Note
Protrechina,carpenteri,38990,Formicinae,NA,Protrechina,Yes,38,41.3,Note
Pseudocamponotus,elkoanus,4971,Formicinae,NA,Pseudocamponotus,Yes,28.4,37.2,Note
Pseudolasius,boreus,40999,Formicinae,NA,Pseudolasius,Yes,33.9,38,Note
Sicilomyrmex,corniger,44518,Formicinae,NA,Sicilomyrmex,Yes,5.333,11.608,Note
Sinoformica,longicapitata,40725,Formicinae,NA,Sinoformica,Yes,48.6,55.8,Note
Sinotenuicapito,badis,40725,Formicinae,NA,Sinotenuicapito,Yes,48.6,55.8,Note
Wilsonia,liaoningensis,40725,Formicinae,NA,Wilsonia,Yes,48.6,55.8,Note
Wilsonia,megagastrosa,40725,Formicinae,NA,Wilsonia,Yes,48.6,55.8,Note
Zatania,electra,44640,Formicinae,NA,Zatania,Yes,13.82,20.44,Note
Formicium,berryi,44588,Fomiciinae,NA,Formicium,Yes,38,41.3,Note
Formicium,brodiei,49700,Fomiciinae,NA,Formicium,Yes,33.9,38,Note
Calyptites,antediluvianum,39765,Incertae,NA,Calyptites,Yes,23.03,33.9,"Possibly not an ant, date seems goofy"
Camelomecia,NA,58266,Incertae,NA,Camelomecia,Yes,93.5,99.6,Possibly not an ant
Camelomecia,janovitzi,58266,Incertae,NA,Camelomecia,Yes,93.5,99.6,Possibly not an ant
Cretopone,magna,37059,Incertae,NA,Cretopone,Yes,89.8,93.9,Possibly not an ant
Curticorna,leptogastrosa,40725,Incertae,NA,Curticorna,Yes,48.6,55.8,Possibly not an ant
Eoaenictites,castanifurvus,40725,Incertae,NA,Eoaenictites,Yes,48.6,55.8,Maybe not an ant
Eoformica,brevipetiola,55770,Incertae,NA,Eoformica,Yes,41.3,47.8,Maybe not an ant
Eoformica,expectans,38999,Incertae,NA,Eoformica,Yes,28.4,33.9,Maybe not an ant
Eoformica,globularis,44418,Incertae,NA,Eoformica,Yes,46.2,50.3,Maybe not an ant
Eoformica,latimedia,55770,Incertae,NA,Eoformica,Yes,41.3,47.8,Maybe not an ant
Eoformica,magna,44418,Incertae,NA,Eoformica,Yes,46.2,50.3,Maybe not an ant
Eoformica,pinguis,5045,Incertae,NA,Eoformica,Yes,46.2,50.3,Maybe not an ant
Fonsecahymen,stigmata,44582,Incertae,NA,Fonsecahymen,Yes,33.9,38,Maybe not an ant
Klondikia,whiteae,44418,Incertae,NA,Klondikia,Yes,47.8,56,Maybe not an ant
Kohlsimyrma,gracilis,44418,Incertae,NA,Kohlsimyrma,Yes,46.2,50.3,Maybe not an ant
Kohlsimyrma,laticeps,44418,Incertae,NA,Kohlsimyrma,Yes,46.2,50.3,Maybe not an ant
Kohlsimyrma,longiceps,44418,Incertae,NA,Kohlsimyrma,Yes,46.2,50.3,Maybe not an ant
Myanmyrma,gracilis,36535,Incertae,NA,Myanmyrma,Yes,93.5,99.6,Maybe not an ant
Petropone,petiolata,37059,Incertae,NA,Petropone,Yes,89.8,93.9,Note
Eocynipites,xilutianensis,40725,Insect,NA,Eocynipites,Yes,48.6,55.8,Not an ant
Pristomyrmex,rasnitsyni,44628,Myrmicinae,NA,Pristomyrmex,Yes,33.9,38,Note
Quadrulicapito,longa,40725,Myrmicinae,NA,Quadrulicapito,Yes,48.6,55.8,Note
Sinomyrmex,brunneus,40725,Myrmicinae,NA,Sinomyrmex,Yes,48.6,55.8,Note
Sinomyrmex,furvis,40725,Myrmicinae,NA,Sinomyrmex,Yes,48.6,55.8,Note
Solenopsidini,NA,39931,Myrmicinae,Solenopsidini,Solenopsidini,Yes,20.44,23.03,Note
Solenopsis,NA,56112,Myrmicinae,Solenopsidini,Solenopsis,Yes,5.333,8.7,Note
Solenopsis,alena,38999,Myrmicinae,Solenopsidini,Solenopsis,Yes,28.4,33.9,Note
Solenopsis,blanda,38738,Myrmicinae,Solenopsidini,Solenopsis,Yes,28.4,33.9,Note
Solenopsis,foersteri,38999,Myrmicinae,Solenopsidini,Solenopsis,Yes,28.4,33.9,Note
Solenopsis,maxima,38738,Myrmicinae,Solenopsidini,Solenopsis,Yes,28.4,33.9,Note
Solenopsis,moesta,38738,Myrmicinae,Solenopsidini,Solenopsis,Yes,28.4,33.9,Note
Solenopsis,privata,38738,Myrmicinae,Solenopsidini,Solenopsis,Yes,28.4,33.9,Note
Solenopsis,superba,38738,Myrmicinae,Solenopsidini,Solenopsis,Yes,28.4,33.9,Note
Solenopsis,valida,38738,Myrmicinae,Solenopsidini,Solenopsis,Yes,28.4,33.9,Note
Solenopsites,abdita,55770,Myrmicinae,Solenopsidini,Solenopsites,Yes,41.3,47.8,Note
Solenopsites,minutus,44418,Myrmicinae,Solenopsidini,Solenopsites,Yes,46.2,50.3,Note
Solenopsites,rossi,51861,Myrmicinae,Solenopsidini,Solenopsites,Yes,33.9,38,Note
Veromessor,andrei,52639,Myrmicinae,NA,Veromessor,Yes,0.012,0.3,Note
Vollenhovia,beyrichi,44414,Myrmicinae,NA,Vollenhovia,Yes,33.9,38,Note
Vollenhovia,prisca,44622,Myrmicinae,NA,Vollenhovia,Yes,33.9,38,Note
Wumyrmex,furvis,40725,Myrmicinae,NA,Wumyrmex,Yes,48.6,55.8,Note
Zhangidris,atopogaster,16579,Myrmicinae,NA,Zhangidris,Yes,11.608,15.97,Note
Archimyrmex,piatnitzkyi,44403,Myrmiciinae,NA,Archimyrmex,Yes,41.3,47.8,Note
Archimyrmex,rostratus,44405,Myrmiciinae,NA,Archimyrmex,Yes,46.2,50.3,Note
Archimyrmex,smekali,44436,Myrmiciinae,NA,Archimyrmex,Yes,41.3,47.8,Note
Archimyrmex,wedmannae,41794,Myrmiciinae,NA,Archimyrmex,Yes,40.4,48.6,Note
Avitomyrmex,elongatus,38422,Myrmiciinae,NA,Avitomyrmex,Yes,47.8,56,Note
Avitomyrmex,mastax,38422,Myrmiciinae,NA,Avitomyrmex,Yes,47.8,56,Note
Avitomyrmex,systenus,38422,Myrmiciinae,NA,Avitomyrmex,Yes,47.8,56,Note
Myrmeciites,NA,38422,Myrmiciinae,NA,Myrmeciites,Yes,47.8,56,Note
Myrmeciites,goliath,38422,Myrmiciinae,NA,Myrmeciites,Yes,47.8,56,Note
Myrmeciites,herculeanus,38422,Myrmiciinae,NA,Myrmeciites,Yes,47.8,56,Note
Myrmeciites,tabanifluviensis,38422,Myrmiciinae,NA,Myrmeciites,Yes,47.8,56,Note
Prionomyrmex,NA,49311,Myrmiciinae,NA,Prionomyrmex,Yes,33.9,38,Note
Prionomyrmex,janzeni,44627,Myrmiciinae,NA,Prionomyrmex,Yes,33.9,56,Note
Prionomyrmex,longiceps,44414,Myrmiciinae,NA,Prionomyrmex,Yes,33.9,38,Note
Prionomyrmex,wappleri,41794,Myrmiciinae,NA,Prionomyrmex,Yes,23.03,28.4,Note
Ypresiomyrma,bartletti,38422,Myrmiciinae,NA,Ypresiomyrma,Yes,47.8,56,Note
Ypresiomyrma,orbiculata,38422,Myrmiciinae,NA,Ypresiomyrma,Yes,47.8,56,Note
Ypresiomyrma,orientalis,56094,Myrmiciinae,NA,Ypresiomyrma,Yes,33.9,38,Note
Ypresiomyrma,rebekkae,44639,Myrmiciinae,NA,Ypresiomyrma,Yes,47.8,56,Note
Acanthognathus,poinari,44409,Myrmicinae,NA,Acanthognathus,Yes,13.82,20.44,Note
Afromyrma,petrosa,38353,Myrmicinae,NA,Afromyrma,Yes,89.8,93.9,Note
Agastomyrma,laticeps,56094,Myrmicinae,NA,Agastomyrma,Yes,33.9,38,Note
Aphaenogaster,NA,34859,Myrmicinae,NA,Aphaenogaster,Yes,5.333,7.246,Note
Aphaenogaster,amphioceanica,5186,Myrmicinae,NA,Aphaenogaster,Yes,13.82,20.44,Note
Aphaenogaster,antiqua,44578,Myrmicinae,NA,Aphaenogaster,Yes,33.9,38,Note
Aphaenogaster,archaica,44433,Myrmicinae,NA,Aphaenogaster,Yes,23.03,28.4,Note
Aphaenogaster,avita,34858,Myrmicinae,NA,Aphaenogaster,Yes,13.82,15.97,Note
Aphaenogaster,donisthorpei,4971,Myrmicinae,NA,Aphaenogaster,Yes,33.9,37.2,Note
Aphaenogaster,dumetora,47627,Myrmicinae,NA,Aphaenogaster,Yes,11.608,15.97,Note
Aphaenogaster,lapidescens,16579,Myrmicinae,NA,Aphaenogaster,Yes,11.608,15.97,Note
Aphaenogaster,longaeva,39765,Myrmicinae,Attini,Aphaenogaster,Yes,23.03,33.9,Note
Aphaenogaster,maculata,38999,Myrmicinae,NA,Aphaenogaster,Yes,23.03,28.1,Note
Aphaenogaster,maculipes,38999,Myrmicinae,NA,Aphaenogaster,Yes,28.4,33.9,Note
Aphaenogaster,mayri,4971,Myrmicinae,NA,Aphaenogaster,Yes,33.9,37.2,Note
Aphaenogaster,mersa,40999,Myrmicinae,NA,Aphaenogaster,Yes,33.9,38,Note
Aphaenogaster,oligocenica,40999,Myrmicinae,NA,Aphaenogaster,Yes,33.9,38,Note
Aphaenogaster,paludosa,16579,Myrmicinae,NA,Aphaenogaster,Yes,11.608,15.97,Note
Aphaenogaster,pannonica,44435,Myrmicinae,NA,Aphaenogaster,Yes,5.333,7.246,Note
Aphaenogaster,praerelicta,5186,Myrmicinae,NA,Aphaenogaster,Yes,15.97,23.03,Note
Aphaenogaster,shanwangensis,15208,Myrmicinae,NA,Aphaenogaster,Yes,11.608,15.97,Note
Aphaenogaster,sommerfeldti,44414,Myrmicinae,NA,Aphaenogaster,Yes,33.9,38,Note
Apterostigma,electropilosum,40811,Myrmicinae,NA,Apterostigma,Yes,13.82,20.44,Note
Apterostigma,eowilsoni,40811,Myrmicinae,NA,Apterostigma,Yes,13.82,20.44,Note
Attopsis,longipennis,37344,Myrmicinae,NA,Attopsis,Yes,11.608,12.7,Note
Attopsis,longipes,38709,Myrmicinae,NA,Attopsis,Yes,11.608,12.7,Note
Biamomyrma,lata,56094,Myrmicinae,NA,Biamomyrma,Yes,33.9,38,Note
Biamomyrma,rugosa,56094,Myrmicinae,NA,Biamomyrma,Yes,33.9,38,Note
Biamomyrma,zherikhini,56094,Myrmicinae,NA,Biamomyrma,Yes,33.9,38,Note
Bilobomyrma,baltica,48824,Myrmicinae,NA,Bilobomyrma,Yes,33.9,38,Note
Bilobomyrma,ukrainica,48824,Myrmicinae,NA,Bilobomyrma,Yes,33.9,38,Note
Boltonidris,mirabilis,48397,Myrmicinae,NA,Boltonidris,Yes,33.9,38,Note
Brachytarsites,dongzhouheensis,40725,Myrmicinae,NA,Brachytarsites,Yes,48.6,55.8,Note
Carebara,antiqua,44414,Myrmicinae,Crematogastrini,Carebara,Yes,33.9,38,Note
Carebara,bohemica,44517,Myrmicinae,Crematogastrini,Carebara,Yes,15.97,16.9,Note
Carebara,nitida,44578,Myrmicinae,Crematogastrini,Carebara,Yes,33.9,38,Note
Carebara,rugiceps,37344,Myrmicinae,Crematogastrini,Carebara,Yes,11.608,12.7,Note
Carebara,schossnicensis,37742,Myrmicinae,Crematogastrini,Carebara,Yes,5.333,11.608,Note
Carebara,sophiae,44518,Myrmicinae,Crematogastrini,Carebara,Yes,5.333,11.608,Note
Carebara,thorali,44519,Myrmicinae,Crematogastrini,Carebara,Yes,23.03,28.1,Note
Carebara,ucrainica,44578,Myrmicinae,Crematogastrini,Carebara,Yes,33.9,38,Note
Cataulacus,NA,51392,Myrmicinae,NA,Cataulacus,Yes,11.608,12.7,Note
Cataulacus,planiceps,44518,Myrmicinae,NA,Cataulacus,Yes,5.333,11.608,Note
Cataulacus,plebeius,44523,Myrmicinae,NA,Cataulacus,Yes,15.97,20.44,Note
Cataulacus,silvestrii,44518,Myrmicinae,NA,Cataulacus,Yes,5.333,11.608,Note
Cephalomyrmex,rotundatus,4971,Myrmicinae,NA,Cephalomyrmex,Yes,33.9,37.2,Note
Cephalotes,NA,57466,Myrmicinae,NA,Cephalotes,Yes,15.97,23.03,Note
Cephalotes,alveolatus,40531,Myrmicinae,NA,Cephalotes,Yes,13.82,20.44,Note
Cephalotes,bloosi,40586,Myrmicinae,NA,Cephalotes,Yes,13.82,20.44,Note
Cephalotes,brevispineus,40586,Myrmicinae,NA,Cephalotes,Yes,13.82,20.44,Note
Cephalotes,caribicus,40586,Myrmicinae,NA,Cephalotes,Yes,13.82,20.44,Note
Cephalotes,dieteri,40586,Myrmicinae,NA,Cephalotes,Yes,13.82,20.44,Note
Cephalotes,hispaniolicus,40586,Myrmicinae,NA,Cephalotes,Yes,13.82,20.44,Note
Cephalotes,integerrimus,40531,Myrmicinae,NA,Cephalotes,Yes,13.82,20.44,Note
Cephalotes,jansei,40531,Myrmicinae,NA,Cephalotes,Yes,13.82,20.44,Note
Cephalotes,maya,40586,Myrmicinae,NA,Cephalotes,Yes,15.97,23.03,Note
Cephalotes,obscurus,40531,Myrmicinae,NA,Cephalotes,Yes,13.82,20.44,Note
Cephalotes,olmecus,40586,Myrmicinae,NA,Cephalotes,Yes,15.97,23.03,Note
Cephalotes,poinari,40586,Myrmicinae,NA,Cephalotes,Yes,15.97,23.03,Note
Cephalotes,resinae,40586,Myrmicinae,NA,Cephalotes,Yes,0,0.0117,Note
Cephalotes,serratus,40531,Myrmicinae,NA,Cephalotes,Yes,13.82,20.44,Note
Cephalotes,squamosus,40531,Myrmicinae,NA,Cephalotes,Yes,13.82,20.44,Note
Cephalotes,sucinus,40586,Myrmicinae,NA,Cephalotes,Yes,13.82,20.44,Note
Cephalotes,taino,40586,Myrmicinae,NA,Cephalotes,Yes,0,0.0117,Note
Cephalotes,ventriosus,40586,Myrmicinae,NA,Cephalotes,Yes,15.97,23.03,Note
Clavipetiola,asiatica,40725,Myrmicinae,NA,Clavipetiola,Yes,48.6,55.8,Note
Crematogaster,NA,57466,Myrmicinae,NA,Crematogaster,Yes,15.97,23.03,Note
Crematogaster,aurora,55770,Myrmicinae,NA,Crematogaster,Yes,41.3,47.8,Note
Crematogaster,praecursor,44518,Myrmicinae,NA,Crematogaster,Yes,5.333,11.608,Note
Cyphomyrmex,maya,44526,Myrmicinae,NA,Cyphomyrmex,Yes,15.97,23.03,Note
Cyphomyrmex,taino,44526,Myrmicinae,NA,Cyphomyrmex,Yes,13.82,20.44,Note
Electroponera,dubia,40999,Myrmicinae,NA,Electroponera,Yes,33.9,38,Note
Enneamerus,reticulatus,44414,Myrmicinae,NA,Enneamerus,Yes,33.9,38,Note
Eocenidris,crassa,38990,Myrmicinae,NA,Eocenidris,Yes,38,41.3,Note
Eocenomyrma,electrina,44580,Myrmicinae,NA,Eocenomyrma,Yes,33.9,38,Note
Eocenomyrma,elegantula,44580,Myrmicinae,NA,Eocenomyrma,Yes,33.9,38,Note
Eocenomyrma,orthospina,44580,Myrmicinae,NA,Eocenomyrma,Yes,33.9,38,Note
Eocenomyrma,rugosostriata,44414,Myrmicinae,NA,Eocenomyrma,Yes,33.9,38,Note
Eomyrmex,guchengziensis,44613,Myrmicinae,NA,Eomyrmex,Yes,48.6,55.8,Note
Fallomyrma,transversa,44581,Myrmicinae,NA,Fallomyrma,Yes,33.9,38,Note
Fushunomyrmex,liaoningensis,40725,Myrmicinae,NA,Fushunomyrmex,Yes,48.6,55.8,Note
Hypopomyrmex,bombiccii,44518,Myrmicinae,NA,Hypopomyrmex,Yes,5.333,11.608,Note
Ilemomyrmex,caecus,5205,Myrmicinae,NA,Ilemomyrmex,Yes,13.82,20.44,Note
Leptothorax,NA,39515,Myrmicinae,NA,Leptothorax,Yes,5.333,7.246,Note
Leptothorax,muscorum,54747,Myrmicinae,NA,Leptothorax,Yes,0.0117,0.126,Note
Lonchomyrmex,freyeri,38709,Myrmicinae,NA,Lonchomyrmex,Yes,11.608,12.7,Note
Lonchomyrmex,nigritus,37742,Myrmicinae,NA,Lonchomyrmex,Yes,5.333,11.608,Note
Macabeemyrma,ovata,38422,Myrmicinae,NA,Macabeemyrma,Yes,47.8,56,Note
Messor,NA,34859,Myrmicinae,NA,Messor,Yes,5.333,7.246,Note
Messor,sculpturatus,4971,Myrmicinae,NA,Messor,Yes,33.9,37.2,Note
Miosolenopsis,fossilis,16579,Myrmicinae,NA,Miosolenopsis,Yes,11.608,15.97,Note
Monomorium,NA,44580,Myrmicinae,NA,Monomorium,Yes,33.9,38,Note
Monomorium,kugleri,40645,Myrmicinae,NA,Monomorium,Yes,33.9,38,Note
Monomorium,mayrianum,44414,Myrmicinae,NA,Monomorium,Yes,33.9,38,Note
Monomorium,pilipes,44414,Myrmicinae,NA,Monomorium,Yes,33.9,38,Note
Myrmecites,dubius,56094,Myrmicinae,NA,Myrmecites,Yes,33.9,38,Note
Myrmecites,latus,51760,Myrmicinae,NA,Myrmecites,Yes,11.608,12.7,Note
Myrmecites,major,56094,Myrmicinae,NA,Myrmecites,Yes,33.9,38,Note
Myrmecites,pusillus,37344,Myrmicinae,NA,Myrmecites,Yes,11.608,12.7,Note
Myrmecites,rotundiceps,44418,Myrmicinae,NA,Myrmecites,Yes,46.2,50.3,Note
Myrmecites,sibiricus,56094,Myrmicinae,NA,Myrmecites,Yes,33.9,38,Note
Myrmica,NA,37344,Myrmicinae,NA,Myrmica,Yes,11.608,12.7,Note
Myrmica,eocenica,40541,Myrmicinae,NA,Myrmica,Yes,33.9,38,Note
Myrmica,incompleta,54747,Myrmicinae,NA,Myrmica,Yes,0.0117,0.126,Note
Myrmica,intermedia,40999,Myrmicinae,NA,Myrmica,Yes,33.9,38,Note
Myrmica,lobifrons,55325,Myrmicinae,NA,Myrmica,Yes,0.0117,0.126,Note
Myrmica,longispinosa,44414,Myrmicinae,NA,Myrmica,Yes,33.9,38,Note
Myrmica,paradoxa,40541,Myrmicinae,NA,Myrmica,Yes,33.9,38,Note
Myrmica,rudis,40541,Myrmicinae,NA,Myrmica,Yes,33.9,38,Note
Myrmicinae,NA,34859,Myrmicinae,NA,None,Yes,5.333,7.246,Note
Myrmicites,NA,38738,Myrmicinae,NA,Myrmicites,Yes,28.4,33.9,Note
Nesomyrmex,caritatis,44617,Myrmicinae,NA,Nesomyrmex,Yes,13.82,20.44,Note
Nesomyrmex,dominicanus,44617,Myrmicinae,NA,Nesomyrmex,Yes,13.82,20.44,Note
Orbigastrula,guchengziensis,40725,Myrmicinae,NA,Orbigastrula,Yes,48.6,55.8,Note
Oxyidris,antillana,5205,Myrmicinae,NA,Oxyidris,Yes,13.82,20.44,Note
Parameranoplus,primaevus,40999,Myrmicinae,NA,Parameranoplus,Yes,33.9,38,Note
Paraphaenogaster,hooleyana,51861,Myrmicinae,NA,Paraphaenogaster,Yes,33.9,38,Note
Paraphaenogaster,jurinei,37344,Myrmicinae,NA,Paraphaenogaster,Yes,11.608,12.7,Note
Paraphaenogaster,microphthalmus,41286,Myrmicinae,NA,Paraphaenogaster,Yes,11.608,15.97,Note
Paraphaenogaster,tertiaria,37344,Myrmicinae,NA,Paraphaenogaster,Yes,11.608,12.7,Note
Pheidole,NA,44620,Myrmicinae,NA,Pheidole,Yes,13.82,20.44,Note
Pheidole,cordata,44586,Myrmicinae,NA,Pheidole,Yes,33.9,38,Note
Pheidole,pallidula,56112,Myrmicinae,NA,Pheidole,Yes,5.333,8.7,Note
Pheidole,primigenia,44620,Myrmicinae,NA,Pheidole,Yes,13.82,20.44,Note
Pheidole,rasnitsyni,47543,Myrmicinae,NA,Pheidole,Yes,0,0.0117,Note
Pheidole,tertiaria,4971,Myrmicinae,NA,Pheidole,Yes,33.9,37.2,Note
Pheidole,tethepa,5205,Myrmicinae,NA,Pheidole,Yes,13.82,20.44,Note
Plesiomyrmex,tubulatus,44624,Myrmicinae,NA,Plesiomyrmex,Yes,33.9,38,Note
Podomyrma,mayri,44518,Myrmicinae,NA,Podomyrma,Yes,5.333,11.608,Note
Pogonomyrmex,fossilis,4971,Myrmicinae,NA,Pogonomyrmex,Yes,33.9,37.2,Note
Quineangulicapito,fushunensis,40725,Myrmicinae,NA,Quineangulicapito,Yes,48.6,55.8,Note
Sphaerogasterites,longipetiolatus,40725,Myrmicinae,NA,Sphaerogasterites,Yes,48.6,55.8,Note
Stenamma,berendti,44414,Myrmicinae,NA,Stenamma,Yes,33.9,38,Note
Stigmomyrmex,venustus,44414,Myrmicinae,NA,Stigmomyrmex,Yes,33.9,38,Note
Stiphromyrmex,robustus,44414,Myrmicinae,NA,Stiphromyrmex,Yes,33.9,38,Note
Strumigenys,electrina,44409,Myrmicinae,NA,Strumigenys,Yes,13.82,20.44,Note
Strumigenys,pilosula,44632,Myrmicinae,NA,Strumigenys,Yes,13.82,20.44,Note
Strumigenys,poinari,44632,Myrmicinae,NA,Strumigenys,Yes,13.82,20.44,Note
Strumigenys,schleeorum,44409,Myrmicinae,NA,Strumigenys,Yes,13.82,20.44,Note
Temnothorax,glaesarius,40999,Myrmicinae,NA,Temnothorax,Yes,33.9,38,Note
Temnothorax,gracilis,44414,Myrmicinae,NA,Temnothorax,Yes,33.9,38,Note
Temnothorax,hystriculus,40999,Myrmicinae,NA,Temnothorax,Yes,33.9,38,Note
Temnothorax,longaevus,40999,Myrmicinae,NA,Temnothorax,Yes,33.9,38,Note
Temnothorax,petiolata,44414,Myrmicinae,NA,Temnothorax,Yes,33.9,38,Note
Temnothorax,placivus,40999,Myrmicinae,NA,Temnothorax,Yes,33.9,38,Note
Temnothorax,praecreolus,44636,Myrmicinae,NA,Temnothorax,Yes,13.82,20.44,Note
Tetramorium,kulickae,56231,Myrmicinae,NA,Tetramorium,Yes,33.9,38,Note
Tetramorium,paraarmatum,56231,Myrmicinae,NA,Tetramorium,Yes,33.9,38,Note
Trachymyrmex,primaevus,44637,Myrmicinae,NA,Trachymyrmex,Yes,13.82,20.44,Note
Cephites,fragilis,37344,None,NA,Cephites,Yes,11.608,12.7,Fly
Cephites,oeningensis,37344,None,NA,Cephites,Yes,11.608,12.7,Fly
Formicidae,NA,34084,None,NA,None,Yes,47.8,56,Note
Paraponera,NA,5208,Paraponerinae,NA,Paraponera,Yes,13.82,20.44,Note
Paraponera,dieteri,40058,Paraponerinae,NA,Paraponera,Yes,13.82,20.44,Note
Afropone,oculata,38353,Ponerinae,NA,Afropone,Yes,89.8,93.9,Note
Afropone,orapa,38353,Ponerinae,NA,Afropone,Yes,89.8,93.9,Note
Anochetus,ambiguus,44411,Ponerinae,NA,Anochetus,Yes,13.82,20.44,Note
Anochetus,brevidentatus,44411,Ponerinae,NA,Anochetus,Yes,13.82,20.44,Note
Anochetus,conisquamis,44411,Ponerinae,NA,Anochetus,Yes,13.82,20.44,Note
Anochetus,corayi,44413,Ponerinae,NA,Anochetus,Yes,13.82,20.44,Note
Anochetus,dubius,44411,Ponerinae,NA,Anochetus,Yes,13.82,20.44,Note
Anochetus,exstinctus,44411,Ponerinae,NA,Anochetus,Yes,13.82,20.44,Note
Anochetus,intermedius,44411,Ponerinae,NA,Anochetus,Yes,13.82,20.44,Note
Anochetus,lucidus,44411,Ponerinae,NA,Anochetus,Yes,13.82,20.44,Note
Archiponera,wheeleri,4971,Ponerinae,NA,Archiponera,Yes,33.9,37.2,Note
Austroponera,schneideri,59088,Ponerinae,NA,Austroponera,Yes,20.44,23.03,Note
Cephalopone,grandis,43781,Ponerinae,NA,Cephalopone,Yes,40.4,48.6,Note
Cephalopone,potens,43781,Ponerinae,NA,Cephalopone,Yes,40.4,48.6,Note
Cyrtopone,curiosa,43781,Ponerinae,NA,Cyrtopone,Yes,40.4,48.6,Note
Cyrtopone,elongata,43781,Ponerinae,NA,Cyrtopone,Yes,40.4,48.6,Note
Cyrtopone,microcephala,43781,Ponerinae,NA,Cyrtopone,Yes,40.4,48.6,Note
Cyrtopone,striata,43781,Ponerinae,NA,Cyrtopone,Yes,40.4,48.6,Note
Eogorgites,cingulatus,40725,Ponerinae,NA,Eogorgites,Yes,48.6,55.8,Note
Eoponerites,longipetiolatus,40725,Ponerinae,NA,Eoponerites,Yes,48.6,55.8,Note
Furcisutura,wanghuacunensis,40725,Ponerinae,NA,Furcisutura,Yes,48.6,55.8,Note
Hypoponera,atavia,44414,Ponerinae,NA,Hypoponera,Yes,33.9,38,Note
Hypoponera,scitula,49030,Ponerinae,NA,Hypoponera,Yes,2.588,5.333,Note
Leptogenys,chinensis,16579,Ponerinae,NA,Leptogenys,Yes,11.608,15.97,Note
Leptogenys,lacerata,16579,Ponerinae,NA,Leptogenys,Yes,11.608,15.97,Note
Longicapitia,reticulata,40725,Ponerinae,NA,Longicapitia,Yes,48.6,55.8,Note
Messelepone,leptogenoides,43781,Ponerinae,NA,Messelepone,Yes,40.4,48.6,Note
Odontomachus,paleomyagra,53443,Ponerinae,NA,Odontomachus,Yes,16.9,20,Note
Odontomachus,pseudobauri,44411,Ponerinae,NA,Odontomachus,Yes,13.82,20.44,Note
Odontomachus,spinifer,44411,Ponerinae,NA,Odontomachus,Yes,13.82,20.44,Note
Pachycondyla,NA,57466,Ponerinae,NA,Pachycondyla,Yes,15.97,23.03,Note
Pachycondyla,aberrans,56094,Ponerinae,NA,Pachycondyla,Yes,33.9,38,Note
Pachycondyla,baltica,44585,Ponerinae,NA,Pachycondyla,Yes,33.9,38,Note
Pachycondyla,calcarea,38999,Ponerinae,NA,Pachycondyla,Yes,28.4,33.9,Note
Pachycondyla,conservata,44602,Ponerinae,NA,Pachycondyla,Yes,33.9,38,Note
Pachycondyla,dubia,38999,Ponerinae,NA,Pachycondyla,Yes,28.4,33.9,Note
Pachycondyla,eocenica,43781,Ponerinae,NA,Pachycondyla,Yes,40.4,48.6,Note
Pachycondyla,globiventris,38999,Ponerinae,NA,Pachycondyla,Yes,28.4,33.9,Note
Pachycondyla,gracilicornis,44414,Ponerinae,NA,Pachycondyla,Yes,33.9,38,Note
Pachycondyla,labandeirai,44418,Ponerinae,NA,Pachycondyla,Yes,46.2,50.3,Note
Pachycondyla,lutzi,43781,Ponerinae,NA,Pachycondyla,Yes,40.4,48.6,Note
Pachycondyla,messeliana,43781,Ponerinae,NA,Pachycondyla,Yes,40.4,48.6,Note
Pachycondyla,minutansata,16579,Ponerinae,NA,Pachycondyla,Yes,11.608,15.97,Note
Pachycondyla,nubeculata,16579,Ponerinae,NA,Pachycondyla,Yes,11.608,15.97,Note
Pachycondyla,oligocenica,56094,Ponerinae,NA,Pachycondyla,Yes,33.9,38,Note
Pachycondyla,parvula,43781,Ponerinae,NA,Pachycondyla,Yes,40.4,48.6,Note
Pachycondyla,petiolosa,43781,Ponerinae,NA,Pachycondyla,Yes,40.4,48.6,Note
Pachycondyla,petrosa,43781,Ponerinae,NA,Pachycondyla,Yes,40.4,48.6,Note
Pachycondyla,succinea,44414,Ponerinae,NA,Pachycondyla,Yes,33.9,38,Note
Pachycondyla,tristis,44602,Ponerinae,NA,Pachycondyla,Yes,33.9,38,Note
Platythyrea,dentata,40294,Ponerinae,NA,Platythyrea,Yes,13.82,20.44,Note
Platythyrea,dlusskyi,36397,Ponerinae,NA,Platythyrea,Yes,48.6,55.8,Note
Platythyrea,primaeva,38999,Ponerinae,NA,Platythyrea,Yes,28.4,33.9,Note
Platythyrea,procera,40294,Ponerinae,NA,Platythyrea,Yes,13.82,20.44,Note
Platythyrea,pumilio,44623,Ponerinae,NA,Platythyrea,Yes,13.82,20.44,Note
Platythyrea,scalprum,40294,Ponerinae,NA,Platythyrea,Yes,13.82,20.44,Note
Ponera,elegantissima,54829,Ponerinae,NA,Ponera,Yes,23.03,28.4,Note
Ponera,leptocephala,44518,Ponerinae,NA,Ponera,Yes,5.333,11.608,Note
Ponera,lobulifera,44602,Ponerinae,NA,Ponera,Yes,33.9,38,Note
Ponera,mayri,44602,Ponerinae,NA,Ponera,Yes,33.9,38,Note
Ponera,wheeleri,44602,Ponerinae,NA,Ponera,Yes,33.9,38,Note
Ponerinae,NA,36397,Ponerinae,NA,None,Yes,47.8,56,Note
Ponerites,NA,51861,Ponerinae,NA,Ponerites,Yes,33.9,38,Note
Ponerites,antropovi,51861,Ponerinae,NA,Ponerites,Yes,33.9,38,Note
Ponerites,atavinus,37344,Ponerinae,NA,Ponerites,Yes,11.608,12.7,Note
Ponerites,coloradensis,44418,Ponerinae,NA,Ponerites,Yes,46.2,50.3,Note
Ponerites,crawleyi,5061,Ponerinae,NA,Ponerites,Yes,33.9,38,Note
Ponerites,elongatus,38709,Ponerinae,NA,Ponerites,Yes,11.608,12.7,Note
Ponerites,eocenicus,44418,Ponerinae,NA,Ponerites,Yes,46.2,50.3,Note
Ponerites,gracilior,38709,Ponerinae,NA,Ponerites,Yes,11.608,12.7,Note
Ponerites,hooleyi,51861,Ponerinae,NA,Ponerites,Yes,33.9,38,Note
Ponerites,hypoponeroides,44418,Ponerinae,NA,Ponerites,Yes,46.2,50.3,Note
Ponerites,kishenehne,55770,Ponerinae,NA,Ponerites,Yes,41.3,47.8,Note
Ponerites,nitidus,37344,Ponerinae,NA,Ponerites,Yes,11.608,12.7,Note
Ponerites,oblongiceps,51760,Ponerinae,NA,Ponerites,Yes,11.608,12.7,Note
Ponerites,tenuis,38709,Ponerinae,NA,Ponerites,Yes,11.608,12.7,Note
Ponerites,umbrus,44457,Ponerinae,NA,Ponerites,Yes,11.608,15.97,Note
Poneropsis,crassinervis,37344,Ponerinae,NA,Poneropsis,Yes,12.7,13.65,Note
Poneropsis,escheri,38709,Ponerinae,NA,Poneropsis,Yes,11.608,12.7,Note
Poneropsis,fuliginosa,37344,Ponerinae,NA,Poneropsis,Yes,11.608,12.7,Note
Poneropsis,globosa,37344,Ponerinae,NA,Poneropsis,Yes,11.608,12.7,Note
Poneropsis,longaeva,37344,Ponerinae,NA,Poneropsis,Yes,11.608,12.7,Note
Poneropsis,rhenana,44626,Ponerinae,NA,Poneropsis,Yes,23.03,28.4,Note
Poneropsis,stygia,38709,Ponerinae,NA,Poneropsis,Yes,11.608,12.7,Note
Poneropsis,veneraria,47508,Ponerinae,NA,Poneropsis,Yes,11.608,12.7,Note
Poneropsis,ventrosa,37344,Ponerinae,NA,Poneropsis,Yes,11.608,12.7,Note
Protopone,dubia,43781,Ponerinae,NA,Protopone,Yes,40.4,48.6,Note
Protopone,germanica,43781,Ponerinae,NA,Protopone,Yes,40.4,48.6,Note
Protopone,magna,43781,Ponerinae,NA,Protopone,Yes,40.4,48.6,Note
Protopone,oculata,43781,Ponerinae,NA,Protopone,Yes,40.4,48.6,Note
Protopone,primigena,44404,Ponerinae,NA,Protopone,Yes,41.3,47.8,Note
Protopone,sepulta,43781,Ponerinae,NA,Protopone,Yes,40.4,48.6,Note
Protopone,vetula,43781,Ponerinae,NA,Protopone,Yes,40.4,48.6,Note
Taphopone,aberrans,51861,Ponerinae,NA,Taphopone,Yes,33.9,38,Note
Taphopone,karaganensis,41286,Ponerinae,NA,Taphopone,Yes,11.608,15.97,Note
Taphopone,macroptera,51861,Ponerinae,NA,Taphopone,Yes,33.9,38,Note
Taphopone,microptera,51861,Ponerinae,NA,Taphopone,Yes,33.9,38,Note
Taphopone,petrosa,51861,Ponerinae,NA,Taphopone,Yes,33.9,38,Note
Taphopone,stauropolitanus,41286,Ponerinae,NA,Taphopone,Yes,11.608,15.97,Note
Bradoponera,NA,44437,Proceratiinae,NA,Bradoponera,Yes,33.9,38,Note
Bradoponera,electrina,44437,Proceratiinae,NA,Bradoponera,Yes,33.9,38,Note
Bradoponera,meieri,44414,Proceratiinae,NA,Bradoponera,Yes,33.9,38,Note
Bradoponera,similis,44602,Proceratiinae,NA,Bradoponera,Yes,33.9,38,Note
Bradoponera,wunderlichi,44437,Proceratiinae,NA,Bradoponera,Yes,33.9,38,Note
Discothyrea,gigas,44527,Proceratiinae,NA,Discothyrea,Yes,13.82,20.44,Note
Discothyrea,maya,44527,Proceratiinae,NA,Discothyrea,Yes,15.97,23.03,Note
Proceratium,denticulatum,44629,Proceratiinae,NA,Proceratium,Yes,13.82,20.44,Note
Proceratium,dominicanum,40049,Proceratiinae,NA,Proceratium,Yes,13.82,20.44,Note
Proceratium,eocenicum,44602,Proceratiinae,NA,Proceratium,Yes,33.9,38,Note
Proceratium,gibberum,40049,Proceratiinae,NA,Proceratium,Yes,13.82,20.44,Note
Proceratium,petrosum,56094,Proceratiinae,NA,Proceratium,Yes,33.9,38,Note
Proceratium,poinari,40049,Proceratiinae,NA,Proceratium,Yes,13.82,20.44,Note
Pseudomyrmex,antiquus,44631,Pseudomyrmecinae,NA,Pseudomyrmex,Yes,13.82,20.44,Note
Pseudomyrmex,avitus,44631,Pseudomyrmecinae,NA,Pseudomyrmex,Yes,13.82,20.44,Note
Pseudomyrmex,baros,44631,Pseudomyrmecinae,NA,Pseudomyrmex,Yes,13.82,20.44,Note
Pseudomyrmex,coruscus,44631,Pseudomyrmecinae,NA,Pseudomyrmex,Yes,13.82,20.44,Note
Pseudomyrmex,extinctus,4971,Pseudomyrmecinae,NA,Pseudomyrmex,Yes,33.9,37.2,Note
Pseudomyrmex,macrops,44631,Pseudomyrmecinae,NA,Pseudomyrmex,Yes,13.82,20.44,Note
Pseudomyrmex,nexilis,44631,Pseudomyrmecinae,NA,Pseudomyrmex,Yes,13.82,20.44,Note
Pseudomyrmex,oryctus,44631,Pseudomyrmecinae,NA,Pseudomyrmex,Yes,13.82,20.44,Note
Pseudomyrmex,prioris,44631,Pseudomyrmecinae,NA,Pseudomyrmex,Yes,13.82,20.44,Note
Pseudomyrmex,saxulum,55770,Pseudomyrmecinae,NA,Pseudomyrmex,Yes,41.3,47.8,Note
Pseudomyrmex,simplex,44631,Pseudomyrmecinae,NA,Pseudomyrmex,Yes,0,0.0117,Note
Pseudomyrmex,succinus,44631,Pseudomyrmecinae,NA,Pseudomyrmex,Yes,13.82,20.44,Note
Pseudomyrmex,thecolor,44631,Pseudomyrmecinae,NA,Pseudomyrmex,Yes,13.82,20.44,Note
Pseudomyrmex,vicinus,44631,Pseudomyrmecinae,NA,Pseudomyrmex,Yes,13.82,20.44,Note
Tetraponera,europaea,44602,Pseudomyrmecinae,NA,Tetraponera,Yes,33.9,38,Note
Tetraponera,groehni,44602,Pseudomyrmecinae,NA,Tetraponera,Yes,33.9,38,Note
Tetraponera,klebsi,38999,Pseudomyrmecinae,NA,Tetraponera,Yes,28.4,33.9,Note
Tetraponera,lacrimarum,40999,Pseudomyrmecinae,NA,Tetraponera,Yes,33.9,38,Note
Tetraponera,ocellata,44414,Pseudomyrmecinae,NA,Tetraponera,Yes,33.9,38,Note
Tetraponera,oligocenica,38999,Pseudomyrmecinae,NA,Tetraponera,Yes,33.9,37.2,Note
Tetraponera,simplex,44414,Pseudomyrmecinae,NA,Tetraponera,Yes,33.9,38,Note
Gerontoformica,NA,58266,Sphecomyrminae,NA,Gerontoformica,Yes,93.5,99.6,Note
Gerontoformica,contegus,50661,Sphecomyrminae,NA,Gerontoformica,Yes,93.5,99.6,Note
Gerontoformica,cretacica,35083,Sphecomyrminae,NA,Gerontoformica,Yes,99.6,105.3,Note
Gerontoformica,gracilis,50661,Sphecomyrminae,NA,Gerontoformica,Yes,93.5,99.6,Note
Gerontoformica,magnus,50661,Sphecomyrminae,NA,Gerontoformica,Yes,93.5,99.6,Note
Gerontoformica,maraudera,58266,Sphecomyrminae,NA,Gerontoformica,Yes,93.5,99.6,Note
Gerontoformica,occidentalis,44281,Sphecomyrminae,NA,Gerontoformica,Yes,93.5,99.6,Note
Gerontoformica,orientalis,36535,Sphecomyrminae,NA,Gerontoformica,Yes,93.5,99.6,Note
Gerontoformica,pilosus,50661,Sphecomyrminae,NA,Gerontoformica,Yes,93.5,99.6,Note
Gerontoformica,robustus,50661,Sphecomyrminae,NA,Gerontoformica,Yes,93.5,99.6,Note
Gerontoformica,rugosus,50661,Sphecomyrminae,NA,Gerontoformica,Yes,93.5,99.6,Note
Gerontoformica,spiralis,50661,Sphecomyrminae,NA,Gerontoformica,Yes,93.5,99.6,Note
Gerontoformica,subcuspis,50661,Sphecomyrminae,NA,Gerontoformica,Yes,93.5,99.6,Note
Gerontoformica,tendir,50661,Sphecomyrminae,NA,Gerontoformica,Yes,93.5,99.6,Note
Haidomyrmex,cerberus,39313,Sphecomyrminae,NA,Haidomyrmex,Yes,93.5,99.6,Note
Haidomyrmex,scimitarus,44280,Sphecomyrminae,NA,Haidomyrmex,Yes,93.5,99.6,Note
Haidomyrmex,zigrasi,44280,Sphecomyrminae,NA,Haidomyrmex,Yes,93.5,99.6,Note
Haidomyrmodes,mammuthus,44281,Sphecomyrminae,NA,Haidomyrmodes,Yes,99.6,105.3,Note
Haidoterminus,cippus,47973,Sphecomyrminae,NA,Haidoterminus,Yes,70.6,83.5,Note
Sphecomyrminae,NA,36535,Sphecomyrminae,NA,Sphecomyrminae,Yes,89.8,93.9,Note
Sphecomyrminae,canadensis,38990,Sphecomyrminae,NA,Sphecomyrminae,Yes,70.6,83.5,Note
Sphecomyrminae,freyi,36535,Sphecomyrminae,NA,Sphecomyrminae,Yes,89.8,93.9,Note
Sphecomyrminae,mesaki,36535,Sphecomyrminae,NA,Sphecomyrminae,Yes,89.8,93.9,Note
Zigrasimecia,ferox,50003,Sphecomyrminae,NA,Zigrasimecia,Yes,93.5,99.6,Note
Zigrasimecia,tonsora,47310,Sphecomyrminae,NA,Zigrasimecia,Yes,93.5,99.6,Note
Baikuris,NA,48703,Sphecomyrminae,NA,Baikuris,Yes,72.1,83.6,Note
Baikuris,casei,5815,Sphecomyrminae,NA,Baikuris,Yes,89.8,93.9,Note
Baikuris,mandibularis,39885,Sphecomyrminae,NA,Baikuris,Yes,83.6,89.8,Note
Baikuris,maximus,53728,Sphecomyrminae,NA,Baikuris,Yes,99.6,105.3,Note
Baikuris,mirabilis,39885,Sphecomyrminae,NA,Baikuris,Yes,83.6,89.8,Note
Ceratomyrmex,ellenbergeri,59331,Sphecomyrminae,NA,Ceratomyrmex,Yes,93.5,99.6,Stem Ant
Cretomyrma,arnoldii,37059,Sphecomyrminae,NA,Cretomyrma,Yes,83.6,86.3,Stem Ant
Cretomyrma,unicornis,37059,Sphecomyrminae,NA,Cretomyrma,Yes,83.6,86.3,Stem Ant
Dlusskyidris,zherichini,37059,Sphecomyrminae,NA,Dlusskyidris,Yes,83.6,86.3,Note
